Student_ID,Student_Degree,Student_Skills,Student_Interest,Student_GPA,Recommendation_Rank,Recommended_Job,Job_Category,Job_Skills,Similarity_Score,Match_Percentage,Interest_Match
1,CS,"data analysis, pandas, visualization",mobile,0.33333333333333304,1,Senior Android Engineer,General,,0.3085693195373598,30.86,0
1,CS,"data analysis, pandas, visualization",mobile,0.33333333333333304,2,Full Stack Engineer (m/w/d),Software Development,,0.2283747765713652,22.84,0
1,CS,"data analysis, pandas, visualization",mobile,0.33333333333333304,3,C#/.NET Developer (m/f/d),Software Development,,0.21130472896638003,21.13,0
1,CS,"data analysis, pandas, visualization",mobile,0.33333333333333304,4,Forward Deployed Engineer (m/f/d),Software Development,,0.1820234242932212,18.2,0
1,CS,"data analysis, pandas, visualization",mobile,0.33333333333333304,5,Strategic Procurement Manager (m/w/d),Software Development,,0.1808573881499476,18.09,0
2,IT,"java, oop, data structures",security,0.4444444444444442,1,Security Engineer,Technology,"Agile, Go, Docker, CI/CD",0.25033229385732,25.03,0
2,IT,"java, oop, data structures",security,0.4444444444444442,2,Security Engineer,Technology,"Python, React, CI/CD",0.24723919992722274,24.72,0
2,IT,"java, oop, data structures",security,0.4444444444444442,3,Security Engineer,Technology,"Node.js, TensorFlow, TypeScript, SQL",0.22078577757445247,22.08,0
2,IT,"java, oop, data structures",security,0.4444444444444442,4,Security Engineer,Technology,"REST APIs, React, Ruby, Python, Git",0.20578112739940485,20.58,0
2,IT,"java, oop, data structures",security,0.4444444444444442,5,Data Scientist,Technology,"Docker, Python, REST APIs, Node.js, Java",0.2049789064561863,20.5,0
3,CS,"deep learning, computer vision, python",security,0.6666666666666665,1,Security Engineer,Technology,"Python, React, CI/CD",0.3674068962733138,36.74,0
3,CS,"deep learning, computer vision, python",security,0.6666666666666665,2,Security Engineer,Technology,"REST APIs, React, Ruby, Python, Git",0.30579861669061337,30.58,0
3,CS,"deep learning, computer vision, python",security,0.6666666666666665,3,Security Engineer,Technology,"TypeScript, CI/CD, Python, Docker, Go, Ruby, React",0.29445682175753196,29.45,0
3,CS,"deep learning, computer vision, python",security,0.6666666666666665,4,Security Engineer,Technology,"Agile, Go, Docker, CI/CD",0.2897577469117227,28.98,0
3,CS,"deep learning, computer vision, python",security,0.6666666666666665,5,Security Engineer,Technology,"Git, Ruby, Machine Learning, Kubernetes, Agile, SQL",0.28051603848056006,28.05,0
4,BBA,"cybersecurity, linux, networking",design,0.7777777777777781,1,UX Designer,Technology,"Java, Docker, Machine Learning",0.3333209691473331,33.33,0
4,BBA,"cybersecurity, linux, networking",design,0.7777777777777781,2,UX Designer,Technology,"Kubernetes, AWS, Agile, Python",0.30835636161637786,30.84,0
4,BBA,"cybersecurity, linux, networking",design,0.7777777777777781,3,UX Designer,Technology,"Git, Python, AWS, React",0.3069972911103867,30.7,0
4,BBA,"cybersecurity, linux, networking",design,0.7777777777777781,4,UX Designer,Technology,"SQL, MongoDB, Ruby, AWS",0.30255095932717296,30.26,0
4,BBA,"cybersecurity, linux, networking",design,0.7777777777777781,5,UX Designer,Technology,"Agile, TensorFlow, Ruby, JavaScript, Docker",0.29074585528668284,29.07,0
5,IT,"cybersecurity, linux, networking",security,0.6666666666666665,1,Security Engineer,Technology,"Agile, Go, Docker, CI/CD",0.35764461972984257,35.76,0
5,IT,"cybersecurity, linux, networking",security,0.6666666666666665,2,Security Engineer,Technology,"Python, React, CI/CD",0.3532255797994658,35.32,0
5,IT,"cybersecurity, linux, networking",security,0.6666666666666665,3,Security Engineer,Technology,"Node.js, TensorFlow, TypeScript, SQL",0.31543211722966324,31.54,0
5,IT,"cybersecurity, linux, networking",security,0.6666666666666665,4,Security Engineer,Technology,"REST APIs, React, Ruby, Python, Git",0.29399528092162847,29.4,0
5,IT,"cybersecurity, linux, networking",security,0.6666666666666665,5,Security Engineer,Technology,"TypeScript, CI/CD, Python, Docker, Go, Ruby, React",0.2830912610683263,28.31,0
6,CS,"android, kotlin, mobile development",data,0.7777777777777781,1,Senior Data Scientist,Technology,"SQL, Kubernetes, React, Machine Learning, Python, Agile, Java",0.2439565790666669,24.4,0
6,CS,"android, kotlin, mobile development",data,0.7777777777777781,2,Lead Engineer,Technology,"Agile, Machine Learning, Python, React",0.22243358722482137,22.24,0
6,CS,"android, kotlin, mobile development",data,0.7777777777777781,3,Project Manager,Technology,"TensorFlow, Git, Machine Learning, Python",0.21012737365724699,21.01,0
6,CS,"android, kotlin, mobile development",data,0.7777777777777781,4,Senior Android Engineer,General,,0.20303029678064663,20.3,0
6,CS,"android, kotlin, mobile development",data,0.7777777777777781,5,"Analytics Lead, Operations",General,,0.18948126233825008,18.95,0
7,BBA,"deep learning, computer vision, python",data,0.6666666666666665,1,Senior Data Scientist,Technology,"SQL, Kubernetes, React, Machine Learning, Python, Agile, Java",0.3101357269409936,31.01,0
7,BBA,"deep learning, computer vision, python",data,0.6666666666666665,2,Lead Engineer,Technology,"Agile, Machine Learning, Python, React",0.29819620125689256,29.82,0
7,BBA,"deep learning, computer vision, python",data,0.6666666666666665,3,Project Manager,Technology,"TensorFlow, Git, Machine Learning, Python",0.28169839540171093,28.17,0
7,BBA,"deep learning, computer vision, python",data,0.6666666666666665,4,Frontend Developer,Technology,"Machine Learning, Python, Docker, Git, Node.js",0.25256093308529304,25.26,0
7,BBA,"deep learning, computer vision, python",data,0.6666666666666665,5,Lead Engineer,Technology,"Git, AWS, JavaScript, Machine Learning, Python, CI/CD",0.249287422767803,24.93,0
8,IT,"cybersecurity, linux, networking",cloud,0.33333333333333304,1,Technical Lead,Technology,"React, Kubernetes, Docker",0.3849038021299209,38.49,0
8,IT,"cybersecurity, linux, networking",cloud,0.33333333333333304,2,Full Stack Developer,Technology,"Kubernetes, Docker, Node.js, Git",0.34347528629092927,34.35,0
8,IT,"cybersecurity, linux, networking",cloud,0.33333333333333304,3,Project Manager,Technology,"Machine Learning, AWS, Kubernetes, Docker, SQL, Ruby",0.34283773363462405,34.28,0
8,IT,"cybersecurity, linux, networking",cloud,0.33333333333333304,4,Backend Developer,Technology,"Kubernetes, Docker, Java, TensorFlow, Python, SQL, Git",0.27879482758564456,27.88,0
8,IT,"cybersecurity, linux, networking",cloud,0.33333333333333304,5,DevOps Engineer,Technology,"Agile, Docker, React, Go, SQL, Kubernetes, CI/CD",0.25049563243883477,25.05,0
9,CS,"ui ux design, figma, prototyping",mobile,0.7777777777777781,1,Senior Android Engineer,General,,0.2967412706302965,29.67,0
9,CS,"ui ux design, figma, prototyping",mobile,0.7777777777777781,2,Full Stack Engineer (m/w/d),Software Development,,0.21962073702370138,21.96,0
9,CS,"ui ux design, figma, prototyping",mobile,0.7777777777777781,3,C#/.NET Developer (m/f/d),Software Development,,0.20320501681011202,20.32,0
9,CS,"ui ux design, figma, prototyping",mobile,0.7777777777777781,4,UX Designer,Technology,"Git, Python, AWS, React",0.19615434140276494,19.62,0
9,CS,"ui ux design, figma, prototyping",mobile,0.7777777777777781,5,Forward Deployed Engineer (m/f/d),Software Development,,0.17504612023720117,17.5,0
10,CS,"html, css, javascript",design,0.0,1,UX Designer,Technology,"Agile, TensorFlow, Ruby, JavaScript, Docker",0.33637166231126914,33.64,0
10,CS,"html, css, javascript",design,0.0,2,UX Designer,Technology,"AWS, JavaScript, Machine Learning, REST APIs, Python, Git, Go",0.3082592235238529,30.83,0
10,CS,"html, css, javascript",design,0.0,3,UX Designer,Technology,"Ruby, React, JavaScript, TypeScript, SQL, AWS",0.30799310308573363,30.8,0
10,CS,"html, css, javascript",design,0.0,4,UX Designer,Technology,"Java, Docker, Machine Learning",0.2881089613608651,28.81,0
10,CS,"html, css, javascript",design,0.0,5,UX Designer,Technology,"Kubernetes, AWS, Agile, Python",0.26653057952390985,26.65,0
11,BBA,"excel, communication, business analysis",software,0.9999999999999996,1,Engineering Manager,Technology,"Java, Agile, Git, SQL, Ruby, Go",0.4094627401929785,40.95,0
11,BBA,"excel, communication, business analysis",software,0.9999999999999996,2,Full Stack Engineer (m/w/d),Software Development,,0.324135908002785,32.41,1
11,BBA,"excel, communication, business analysis",software,0.9999999999999996,3,C#/.NET Developer (m/f/d),Software Development,,0.2999081212779949,29.99,1
11,BBA,"excel, communication, business analysis",software,0.9999999999999996,4,Forward Deployed Engineer (m/f/d),Software Development,,0.2583487055656619,25.83,1
11,BBA,"excel, communication, business analysis",software,0.9999999999999996,5,Strategic Procurement Manager (m/w/d),Software Development,,0.25669373214986546,25.67,1
12,BBA,"deep learning, computer vision, python",mobile,0.8888888888888888,1,Senior Android Engineer,General,,0.3140131336723862,31.4,0
12,BBA,"deep learning, computer vision, python",mobile,0.8888888888888888,2,Full Stack Engineer (m/w/d),Software Development,,0.23240378969116174,23.24,0
12,BBA,"deep learning, computer vision, python",mobile,0.8888888888888888,3,C#/.NET Developer (m/f/d),Software Development,,0.21503259041440012,21.5,0
12,BBA,"deep learning, computer vision, python",mobile,0.8888888888888888,4,Forward Deployed Engineer (m/f/d),Software Development,,0.18523470171885453,18.52,0
12,BBA,"deep learning, computer vision, python",mobile,0.8888888888888888,5,Strategic Procurement Manager (m/w/d),Software Development,,0.18404809423670568,18.4,0
13,IT,"python, sql, machine learning",security,0.22222222222222232,1,Security Engineer,Technology,"Docker, Agile, Ruby, SQL, Machine Learning, TensorFlow",0.41173108270239295,41.17,0
13,IT,"python, sql, machine learning",security,0.22222222222222232,2,Frontend Developer,Technology,"TypeScript, JavaScript, SQL, Machine Learning, Docker",0.3152635390171993,31.53,0
13,IT,"python, sql, machine learning",security,0.22222222222222232,3,Junior Developer,Technology,"SQL, Machine Learning, TypeScript, JavaScript, CI/CD, Docker",0.28446052269505273,28.45,0
13,IT,"python, sql, machine learning",security,0.22222222222222232,4,Security Engineer,Technology,"Git, Ruby, Machine Learning, Kubernetes, Agile, SQL",0.25055129058537545,25.06,0
13,IT,"python, sql, machine learning",security,0.22222222222222232,5,Backend Developer,Technology,"Kubernetes, Docker, Java, TensorFlow, Python, SQL, Git",0.2449394193935157,24.49,0
14,CS,"html, css, javascript",cloud,0.11111111111111116,1,Technical Lead,Technology,"React, Kubernetes, Docker",0.366610429467013,36.66,0
14,CS,"html, css, javascript",cloud,0.11111111111111116,2,Full Stack Developer,Technology,"Kubernetes, Docker, Node.js, Git",0.32715089204527803,32.72,0
14,CS,"html, css, javascript",cloud,0.11111111111111116,3,Project Manager,Technology,"Machine Learning, AWS, Kubernetes, Docker, SQL, Ruby",0.3265436404363241,32.65,0
14,CS,"html, css, javascript",cloud,0.11111111111111116,4,Backend Developer,Technology,"Kubernetes, Docker, Java, TensorFlow, Python, SQL, Git",0.26554450984574896,26.55,0
14,CS,"html, css, javascript",cloud,0.11111111111111116,5,DevOps Engineer,Technology,"Agile, Docker, React, Go, SQL, Kubernetes, CI/CD",0.23859029419775482,23.86,0
15,IT,"android, kotlin, mobile development",design,0.33333333333333304,1,Senior Android Engineer,General,,0.3090788214892875,30.91,0
15,IT,"android, kotlin, mobile development",design,0.33333333333333304,2,Full Stack Engineer (m/w/d),Software Development,,0.22875186329731914,22.88,0
15,IT,"android, kotlin, mobile development",design,0.33333333333333304,3,C#/.NET Developer (m/f/d),Software Development,,0.21165363005616225,21.17,0
15,IT,"android, kotlin, mobile development",design,0.33333333333333304,4,Forward Deployed Engineer (m/f/d),Software Development,,0.18232397682421495,18.23,0
15,IT,"android, kotlin, mobile development",design,0.33333333333333304,5,Strategic Procurement Manager (m/w/d),Software Development,,0.18115601535119077,18.12,0
16,BBA,"deep learning, computer vision, python",web,0.4444444444444442,1,Technical Lead,Technology,"TypeScript, Python, Machine Learning, JavaScript, React",0.31648140869384583,31.65,0
16,BBA,"deep learning, computer vision, python",web,0.4444444444444442,2,Backend Developer,Technology,"Java, REST APIs, Python, JavaScript",0.22321856915705376,22.32,0
16,BBA,"deep learning, computer vision, python",web,0.4444444444444442,3,QA Engineer,Technology,"JavaScript, React, Git, Docker, AWS, Ruby, TypeScript",0.22238342664930505,22.24,0
16,BBA,"deep learning, computer vision, python",web,0.4444444444444442,4,Project Manager,Technology,"TypeScript, Git, JavaScript, React, Kubernetes, AWS, Node.js",0.22058020853622134,22.06,0
16,BBA,"deep learning, computer vision, python",web,0.4444444444444442,5,Frontend Developer,Technology,"Java, React, Agile, Docker, Python, Machine Learning",0.20815116499303632,20.82,0
17,BBA,"cloud computing, aws, devops",cloud,0.11111111111111116,1,Technical Lead,Technology,"React, Kubernetes, Docker",0.29098571509576343,29.1,0
17,BBA,"cloud computing, aws, devops",cloud,0.11111111111111116,2,Project Manager,Technology,"Machine Learning, AWS, Kubernetes, Docker, SQL, Ruby",0.2847764485426335,28.48,0
17,BBA,"cloud computing, aws, devops",cloud,0.11111111111111116,3,DevOps Engineer,Technology,"Agile, Docker, React, Go, SQL, Kubernetes, CI/CD",0.2670393067596121,26.7,0
17,BBA,"cloud computing, aws, devops",cloud,0.11111111111111116,4,DevOps Engineer,Technology,"Ruby, Python, AWS, Node.js, SQL, Git",0.2621177711817539,26.21,0
17,BBA,"cloud computing, aws, devops",cloud,0.11111111111111116,5,Full Stack Developer,Technology,"Kubernetes, Docker, Node.js, Git",0.2596659249558467,25.97,0
18,CS,"ui ux design, figma, prototyping",finance,0.9999999999999996,1,Sachbearbeiter (m/w/d) Abrechnung/Faktura Schadenmanagement als Elternzeitvertretung (befristet),Finance,,0.20734143170905792,20.73,1
18,CS,"ui ux design, figma, prototyping",finance,0.9999999999999996,2,UX Designer,Technology,"Java, Docker, Machine Learning",0.19863887239003997,19.86,0
18,CS,"ui ux design, figma, prototyping",finance,0.9999999999999996,3,UX Designer,Technology,"Kubernetes, AWS, Agile, Python",0.1837614960812698,18.38,0
18,CS,"ui ux design, figma, prototyping",finance,0.9999999999999996,4,UX Designer,Technology,"Git, Python, AWS, React",0.1829515733407376,18.3,0
18,CS,"ui ux design, figma, prototyping",finance,0.9999999999999996,5,UX Designer,Technology,"SQL, MongoDB, Ruby, AWS",0.18030183205998676,18.03,0
19,CS,"java, oop, data structures",cloud,0.8888888888888888,1,Technical Lead,Technology,"React, Kubernetes, Docker",0.33570006097344335,33.57,0
19,CS,"java, oop, data structures",cloud,0.8888888888888888,2,Full Stack Developer,Technology,"Kubernetes, Docker, Node.js, Git",0.29956751248670643,29.96,0
19,CS,"java, oop, data structures",cloud,0.8888888888888888,3,Project Manager,Technology,"Machine Learning, AWS, Kubernetes, Docker, SQL, Ruby",0.29901146065138784,29.9,0
19,CS,"java, oop, data structures",cloud,0.8888888888888888,4,Backend Developer,Technology,"Kubernetes, Docker, Java, TensorFlow, Python, SQL, Git",0.28933465000790237,28.93,0
19,CS,"java, oop, data structures",cloud,0.8888888888888888,5,DevOps Engineer,Technology,"Python, REST APIs, Go, Java",0.23597308570759945,23.6,0
20,CS,"deep learning, computer vision, python",software,0.7777777777777781,1,Engineering Manager,Technology,"Java, Agile, Git, SQL, Ruby, Go",0.4324215675210108,43.24,0
20,CS,"deep learning, computer vision, python",software,0.7777777777777781,2,Full Stack Engineer (m/w/d),Software Development,,0.3423104074435488,34.23,1
20,CS,"deep learning, computer vision, python",software,0.7777777777777781,3,C#/.NET Developer (m/f/d),Software Development,,0.31672415383678376,31.67,1
20,CS,"deep learning, computer vision, python",software,0.7777777777777781,4,Forward Deployed Engineer (m/f/d),Software Development,,0.2728344761603374,27.28,1
20,CS,"deep learning, computer vision, python",software,0.7777777777777781,5,Strategic Procurement Manager (m/w/d),Software Development,,0.27108670736865925,27.11,1
21,BBA,"python, sql, machine learning",ai,0.7777777777777781,1,Frontend Developer,Technology,"TypeScript, JavaScript, SQL, Machine Learning, Docker",0.355249264905083,35.52,0
21,BBA,"python, sql, machine learning",ai,0.7777777777777781,2,Security Engineer,Technology,"Docker, Agile, Ruby, SQL, Machine Learning, TensorFlow",0.3307252124854525,33.07,0
21,BBA,"python, sql, machine learning",ai,0.7777777777777781,3,Junior Developer,Technology,"SQL, Machine Learning, TypeScript, JavaScript, CI/CD, Docker",0.3205394188524291,32.05,0
21,BBA,"python, sql, machine learning",ai,0.7777777777777781,4,Backend Developer,Technology,"Kubernetes, Docker, Java, TensorFlow, Python, SQL, Git",0.2586966998383235,25.87,0
21,BBA,"python, sql, machine learning",ai,0.7777777777777781,5,Business Analyst,Technology,"Docker, TensorFlow, React, Agile, Python, SQL, CI/CD",0.25079657918519604,25.08,0
22,IT,"python, sql, machine learning",software,0.5555555555555558,1,Engineering Manager,Technology,"Java, Agile, Git, SQL, Ruby, Go",0.3991492241468513,39.91,0
22,IT,"python, sql, machine learning",software,0.5555555555555558,2,Full Stack Engineer (m/w/d),Software Development,,0.29352350083995316,29.35,1
22,IT,"python, sql, machine learning",software,0.5555555555555558,3,C#/.NET Developer (m/f/d),Software Development,,0.2715838619369932,27.16,1
22,IT,"python, sql, machine learning",software,0.5555555555555558,4,Senior Software Engineer,Technology,"Machine Learning, Docker, Java, Agile, React, SQL",0.2620661180149128,26.21,0
22,IT,"python, sql, machine learning",software,0.5555555555555558,5,Forward Deployed Engineer (m/f/d),Software Development,,0.2339494472005607,23.39,1
23,IT,"data analysis, pandas, visualization",security,0.5555555555555558,1,Security Engineer,Technology,"Agile, Go, Docker, CI/CD",0.2771640183709319,27.72,0
23,IT,"data analysis, pandas, visualization",security,0.5555555555555558,2,Security Engineer,Technology,"Python, React, CI/CD",0.2737393929274679,27.37,0
23,IT,"data analysis, pandas, visualization",security,0.5555555555555558,3,Security Engineer,Technology,"Node.js, TensorFlow, TypeScript, SQL",0.24445057554805236,24.45,0
23,IT,"data analysis, pandas, visualization",security,0.5555555555555558,4,Security Engineer,Technology,"REST APIs, React, Ruby, Python, Git",0.22783766047950493,22.78,0
23,IT,"data analysis, pandas, visualization",security,0.5555555555555558,5,Security Engineer,Technology,"TypeScript, CI/CD, Python, Docker, Go, Ruby, React",0.21938736710945356,21.94,0
24,CS,"cybersecurity, linux, networking",ai,0.22222222222222232,1,Machine Learning Engineer,Technology,"Machine Learning, Go, Git, Docker, REST APIs, CI/CD",0.24035022532019673,24.04,0
24,CS,"cybersecurity, linux, networking",ai,0.22222222222222232,2,Machine Learning Engineer,Technology,"Machine Learning, React, REST APIs, CI/CD, Go, Docker",0.23640057263495726,23.64,0
24,CS,"cybersecurity, linux, networking",ai,0.22222222222222232,3,Machine Learning Engineer,Technology,"SQL, AWS, REST APIs, Kubernetes, Machine Learning",0.23599865802226241,23.6,0
24,CS,"cybersecurity, linux, networking",ai,0.22222222222222232,4,Machine Learning Engineer,Technology,"Agile, REST APIs, AWS, Git, Machine Learning, CI/CD",0.2224142184889171,22.24,0
24,CS,"cybersecurity, linux, networking",ai,0.22222222222222232,5,Machine Learning Engineer,Technology,"AWS, Go, Git, React",0.19128042613387147,19.13,0
25,IT,"ui ux design, figma, prototyping",design,0.8888888888888888,1,UX Designer,Technology,"Java, Docker, Machine Learning",0.3333209691473331,33.33,0
25,IT,"ui ux design, figma, prototyping",design,0.8888888888888888,2,UX Designer,Technology,"Kubernetes, AWS, Agile, Python",0.30835636161637786,30.84,0
25,IT,"ui ux design, figma, prototyping",design,0.8888888888888888,3,UX Designer,Technology,"Git, Python, AWS, React",0.3069972911103867,30.7,0
25,IT,"ui ux design, figma, prototyping",design,0.8888888888888888,4,UX Designer,Technology,"SQL, MongoDB, Ruby, AWS",0.30255095932717296,30.26,0
25,IT,"ui ux design, figma, prototyping",design,0.8888888888888888,5,UX Designer,Technology,"Agile, TensorFlow, Ruby, JavaScript, Docker",0.29074585528668284,29.07,0
26,IT,"python, sql, machine learning",management,0.5555555555555558,1,Strategic HR Business Partner (f/m/d),HR,,0.39747316216962136,39.75,0
26,IT,"python, sql, machine learning",management,0.5555555555555558,2,Business Analyst,Technology,"Docker, TensorFlow, React, Agile, Python, SQL, CI/CD",0.3223760460677716,32.24,0
26,IT,"python, sql, machine learning",management,0.5555555555555558,3,Machine Learning Engineer,Technology,"Ruby, Docker, Agile, Python, TensorFlow",0.22683721194171452,22.68,0
26,IT,"python, sql, machine learning",management,0.5555555555555558,4,Security Engineer,Technology,"Docker, Agile, Ruby, SQL, Machine Learning, TensorFlow",0.21633425514638432,21.63,0
26,IT,"python, sql, machine learning",management,0.5555555555555558,5,Project Manager,Technology,"Agile, SQL, TensorFlow, Machine Learning",0.2151144902407929,21.51,0
27,CS,"cloud computing, aws, devops",management,0.9999999999999996,1,Strategic HR Business Partner (f/m/d),HR,,0.4873396033879244,48.73,0
27,CS,"cloud computing, aws, devops",management,0.9999999999999996,2,Business Analyst,Technology,"Agile, Go, CI/CD",0.1587536841081515,15.88,0
27,CS,"cloud computing, aws, devops",management,0.9999999999999996,3,Fleet Operations Driver,General,,0.15011135419537147,15.01,0
27,CS,"cloud computing, aws, devops",management,0.9999999999999996,4,Fleet Operations Driver,General,,0.15011135419537147,15.01,0
27,CS,"cloud computing, aws, devops",management,0.9999999999999996,5,Fleet Operations Driver,General,,0.15011135419537147,15.01,0
28,BBA,"cybersecurity, linux, networking",finance,0.4444444444444442,1,Sachbearbeiter (m/w/d) Abrechnung/Faktura Schadenmanagement als Elternzeitvertretung (befristet),Finance,,0.25819888974716115,25.82,1
28,BBA,"cybersecurity, linux, networking",finance,0.4444444444444442,2,(Junior) Softwareentwickler (m/w/d) #LowCode,General,,0.0,0.0,0
28,BBA,"cybersecurity, linux, networking",finance,0.4444444444444442,3,(Junior) Testautomatisierer (m/w/d) #LowCode,General,,0.0,0.0,0
28,BBA,"cybersecurity, linux, networking",finance,0.4444444444444442,4,Business Analyst,Technology,"Python, CI/CD, Machine Learning, SQL",0.0,0.0,0
28,BBA,"cybersecurity, linux, networking",finance,0.4444444444444442,5,Data Analyst,Technology,"Python, TypeScript, TensorFlow, Ruby",0.0,0.0,0
29,BBA,"ui ux design, figma, prototyping",software,0.5555555555555558,1,Engineering Manager,Technology,"Java, Agile, Git, SQL, Ruby, Go",0.4277931137068772,42.78,0
29,BBA,"ui ux design, figma, prototyping",software,0.5555555555555558,2,Full Stack Engineer (m/w/d),Software Development,,0.338646464592519,33.86,1
29,BBA,"ui ux design, figma, prototyping",software,0.5555555555555558,3,C#/.NET Developer (m/f/d),Software Development,,0.3133340752006555,31.33,1
29,BBA,"ui ux design, figma, prototyping",software,0.5555555555555558,4,Forward Deployed Engineer (m/f/d),Software Development,,0.26991417369010945,26.99,1
29,BBA,"ui ux design, figma, prototyping",software,0.5555555555555558,5,Strategic Procurement Manager (m/w/d),Software Development,,0.2681851122611941,26.82,1
30,CS,"cybersecurity, linux, networking",web,0.0,1,Technical Lead,Technology,"TypeScript, Python, Machine Learning, JavaScript, React",0.26512223746873925,26.51,0
30,CS,"cybersecurity, linux, networking",web,0.0,2,QA Engineer,Technology,"JavaScript, React, Git, Docker, AWS, Ruby, TypeScript",0.2328030208068798,23.28,0
30,CS,"cybersecurity, linux, networking",web,0.0,3,Project Manager,Technology,"TypeScript, Git, JavaScript, React, Kubernetes, AWS, Node.js",0.2309153143791811,23.09,0
30,CS,"cybersecurity, linux, networking",web,0.0,4,Full Stack Engineer (m/w/d),Software Development,,0.19839788779984535,19.84,0
30,CS,"cybersecurity, linux, networking",web,0.0,5,Backend Developer,Technology,"Java, REST APIs, Python, JavaScript",0.19559786137342425,19.56,0
31,IT,"html, css, javascript",mobile,0.6666666666666665,1,Senior Android Engineer,General,,0.32157972203276625,32.16,0
31,IT,"html, css, javascript",mobile,0.6666666666666665,2,Full Stack Engineer (m/w/d),Software Development,,0.23800388606107992,23.8,0
31,IT,"html, css, javascript",mobile,0.6666666666666665,3,C#/.NET Developer (m/f/d),Software Development,,0.2202141032915956,22.02,0
31,IT,"html, css, javascript",mobile,0.6666666666666665,4,Forward Deployed Engineer (m/f/d),Software Development,,0.18969819253394463,18.97,0
31,IT,"html, css, javascript",mobile,0.6666666666666665,5,Strategic Procurement Manager (m/w/d),Software Development,,0.18848299207462388,18.85,0
32,BBA,"ui ux design, figma, prototyping",security,0.11111111111111116,1,Security Engineer,Technology,"Agile, Go, Docker, CI/CD",0.2528929358658558,25.29,0
32,BBA,"ui ux design, figma, prototyping",security,0.11111111111111116,2,Security Engineer,Technology,"Python, React, CI/CD",0.24976820276475226,24.98,0
32,BBA,"ui ux design, figma, prototyping",security,0.11111111111111116,3,UX Designer,Technology,"Java, Docker, Machine Learning",0.23569351759575125,23.57,0
32,BBA,"ui ux design, figma, prototyping",security,0.11111111111111116,4,Security Engineer,Technology,"Node.js, TensorFlow, TypeScript, SQL",0.22304418909712492,22.3,0
32,BBA,"ui ux design, figma, prototyping",security,0.11111111111111116,5,UX Designer,Technology,"Kubernetes, AWS, Agile, Python",0.21804087432095204,21.8,0
33,BBA,"cloud computing, aws, devops",ai,0.8888888888888888,1,DevOps Engineer,Technology,"Git, Ruby, Go, Machine Learning, MongoDB",0.3252628088252436,32.53,0
33,BBA,"cloud computing, aws, devops",ai,0.8888888888888888,2,DevOps Engineer,Technology,"Ruby, Go, MongoDB, TypeScript, Machine Learning",0.3251505366325868,32.52,0
33,BBA,"cloud computing, aws, devops",ai,0.8888888888888888,3,DevOps Engineer,Technology,"Ruby, Python, AWS, Node.js, SQL, Git",0.29743070111966313,29.74,0
33,BBA,"cloud computing, aws, devops",ai,0.8888888888888888,4,DevOps Engineer,Technology,"Python, REST APIs, Go, Java",0.28557982929538384,28.56,0
33,BBA,"cloud computing, aws, devops",ai,0.8888888888888888,5,DevOps Engineer,Technology,"TypeScript, CI/CD, Git",0.2838754577153824,28.39,0
34,CS,"excel, communication, business analysis",ai,0.9999999999999996,1,Werkstudent Webentwicklung (m/w/d),Marketing and Communication,,0.23590375162441746,23.59,0
34,CS,"excel, communication, business analysis",ai,0.9999999999999996,2,Business Analyst,Technology,"Python, CI/CD, Machine Learning, SQL",0.23449738924119812,23.45,0
34,CS,"excel, communication, business analysis",ai,0.9999999999999996,3,Business Analyst,Technology,"TypeScript, Git, Go",0.2308016452772881,23.08,0
34,CS,"excel, communication, business analysis",ai,0.9999999999999996,4,Business Analyst,Technology,"Agile, Go, CI/CD",0.22392035055105816,22.39,0
34,CS,"excel, communication, business analysis",ai,0.9999999999999996,5,Business Analyst,Technology,"Machine Learning, Node.js, Docker, CI/CD",0.22277238292233542,22.28,0
35,BBA,"java, oop, data structures",management,0.6666666666666665,1,Strategic HR Business Partner (f/m/d),HR,,0.46283239591853154,46.28,0
35,BBA,"java, oop, data structures",management,0.6666666666666665,2,Software Engineer,Technology,"Agile, Java, Git, Docker",0.2210369826754186,22.1,0
35,BBA,"java, oop, data structures",management,0.6666666666666665,3,Technical Lead,Technology,"Node.js, Agile, Java",0.21415591759901054,21.42,0
35,BBA,"java, oop, data structures",management,0.6666666666666665,4,Senior Data Scientist,Technology,"SQL, Kubernetes, React, Machine Learning, Python, Agile, Java",0.20960863209423555,20.96,0
35,BBA,"java, oop, data structures",management,0.6666666666666665,5,Frontend Developer,Technology,"Go, MongoDB, CI/CD, Machine Learning, Agile, Java",0.17720770787088594,17.72,0
36,IT,"java, oop, data structures",finance,0.9999999999999996,1,Sachbearbeiter (m/w/d) Abrechnung/Faktura Schadenmanagement als Elternzeitvertretung (befristet),Finance,,0.20584367553760538,20.58,1
36,IT,"java, oop, data structures",finance,0.9999999999999996,2,Data Scientist,Technology,"Docker, Python, REST APIs, Node.js, Java",0.17325948904631555,17.33,0
36,IT,"java, oop, data structures",finance,0.9999999999999996,3,Data Analyst,Technology,"Kubernetes, Node.js, Java, SQL, Go, React",0.16863604786005304,16.86,0
36,IT,"java, oop, data structures",finance,0.9999999999999996,4,Data Scientist,Technology,"Java, REST APIs, Git, AWS, Node.js, Machine Learning",0.16218573915762086,16.22,0
36,IT,"java, oop, data structures",finance,0.9999999999999996,5,Senior Data Scientist,Technology,"Git, Java, CI/CD, REST APIs, Python, Kubernetes, Go",0.15451561402794517,15.45,0
37,IT,"data analysis, pandas, visualization",design,0.33333333333333304,1,UX Designer,Technology,"Java, Docker, Machine Learning",0.25831390749273314,25.83,0
37,IT,"data analysis, pandas, visualization",design,0.33333333333333304,2,UX Designer,Technology,"Kubernetes, AWS, Agile, Python",0.23896707390815558,23.9,0
37,IT,"data analysis, pandas, visualization",design,0.33333333333333304,3,UX Designer,Technology,"Git, Python, AWS, React",0.23791383440192598,23.79,0
37,IT,"data analysis, pandas, visualization",design,0.33333333333333304,4,UX Designer,Technology,"SQL, MongoDB, Ruby, AWS",0.23446805857849318,23.45,0
37,IT,"data analysis, pandas, visualization",design,0.33333333333333304,5,UX Designer,Technology,"Agile, TensorFlow, Ruby, JavaScript, Docker",0.22531945157408548,22.53,0
38,CS,"android, kotlin, mobile development",data,0.5555555555555558,1,Senior Data Scientist,Technology,"SQL, Kubernetes, React, Machine Learning, Python, Agile, Java",0.2439565790666669,24.4,0
38,CS,"android, kotlin, mobile development",data,0.5555555555555558,2,Lead Engineer,Technology,"Agile, Machine Learning, Python, React",0.22243358722482137,22.24,0
38,CS,"android, kotlin, mobile development",data,0.5555555555555558,3,Project Manager,Technology,"TensorFlow, Git, Machine Learning, Python",0.21012737365724699,21.01,0
38,CS,"android, kotlin, mobile development",data,0.5555555555555558,4,Senior Android Engineer,General,,0.20303029678064663,20.3,0
38,CS,"android, kotlin, mobile development",data,0.5555555555555558,5,"Analytics Lead, Operations",General,,0.18948126233825008,18.95,0
39,IT,"java, oop, data structures",finance,0.22222222222222232,1,Sachbearbeiter (m/w/d) Abrechnung/Faktura Schadenmanagement als Elternzeitvertretung (befristet),Finance,,0.20584367553760538,20.58,1
39,IT,"java, oop, data structures",finance,0.22222222222222232,2,Data Scientist,Technology,"Docker, Python, REST APIs, Node.js, Java",0.17325948904631555,17.33,0
39,IT,"java, oop, data structures",finance,0.22222222222222232,3,Data Analyst,Technology,"Kubernetes, Node.js, Java, SQL, Go, React",0.16863604786005304,16.86,0
39,IT,"java, oop, data structures",finance,0.22222222222222232,4,Data Scientist,Technology,"Java, REST APIs, Git, AWS, Node.js, Machine Learning",0.16218573915762086,16.22,0
39,IT,"java, oop, data structures",finance,0.22222222222222232,5,Senior Data Scientist,Technology,"Git, Java, CI/CD, REST APIs, Python, Kubernetes, Go",0.15451561402794517,15.45,0
40,IT,"java, oop, data structures",data,0.11111111111111116,1,Senior Data Scientist,Technology,"SQL, Kubernetes, React, Machine Learning, Python, Agile, Java",0.3391937480343518,33.92,0
40,IT,"java, oop, data structures",data,0.11111111111111116,2,Lead Engineer,Technology,"Agile, Machine Learning, Python, React",0.24217776581167016,24.22,0
40,IT,"java, oop, data structures",data,0.11111111111111116,3,Backend Developer,Technology,"Kubernetes, Docker, Java, TensorFlow, Python, SQL, Git",0.23374646570272778,23.37,0
40,IT,"java, oop, data structures",data,0.11111111111111116,4,Data Analyst,Technology,"SQL, Go, JavaScript, Machine Learning, REST APIs",0.23148351639418469,23.15,0
40,IT,"java, oop, data structures",data,0.11111111111111116,5,Project Manager,Technology,"TensorFlow, Git, Machine Learning, Python",0.22877919887499554,22.88,0
41,BBA,"excel, communication, business analysis",finance,0.7777777777777781,1,Werkstudent Webentwicklung (m/w/d),Marketing and Communication,,0.18057987156704028,18.06,0
41,BBA,"excel, communication, business analysis",finance,0.7777777777777781,2,Sachbearbeiter (m/w/d) Abrechnung/Faktura Schadenmanagement als Elternzeitvertretung (befristet),Finance,,0.17832293532029278,17.83,1
41,BBA,"excel, communication, business analysis",finance,0.7777777777777781,3,Business Analyst,Technology,"TypeScript, Git, Go",0.17667430540905535,17.67,0
41,BBA,"excel, communication, business analysis",finance,0.7777777777777781,4,Business Analyst,Technology,"Agile, Go, CI/CD",0.1714068041110856,17.14,0
41,BBA,"excel, communication, business analysis",finance,0.7777777777777781,5,Marketplace & E-Commerce Manager (m/w/d),Marketing and Communication,,0.162361387627986,16.24,0
42,CS,"cloud computing, aws, devops",ai,0.5555555555555558,1,DevOps Engineer,Technology,"Git, Ruby, Go, Machine Learning, MongoDB",0.3252628088252436,32.53,0
42,CS,"cloud computing, aws, devops",ai,0.5555555555555558,2,DevOps Engineer,Technology,"Ruby, Go, MongoDB, TypeScript, Machine Learning",0.3251505366325868,32.52,0
42,CS,"cloud computing, aws, devops",ai,0.5555555555555558,3,DevOps Engineer,Technology,"Ruby, Python, AWS, Node.js, SQL, Git",0.29743070111966313,29.74,0
42,CS,"cloud computing, aws, devops",ai,0.5555555555555558,4,DevOps Engineer,Technology,"Python, REST APIs, Go, Java",0.28557982929538384,28.56,0
42,CS,"cloud computing, aws, devops",ai,0.5555555555555558,5,DevOps Engineer,Technology,"TypeScript, CI/CD, Git",0.2838754577153824,28.39,0
43,IT,"deep learning, computer vision, python",web,0.22222222222222232,1,Technical Lead,Technology,"TypeScript, Python, Machine Learning, JavaScript, React",0.31648140869384583,31.65,0
43,IT,"deep learning, computer vision, python",web,0.22222222222222232,2,Backend Developer,Technology,"Java, REST APIs, Python, JavaScript",0.22321856915705376,22.32,0
43,IT,"deep learning, computer vision, python",web,0.22222222222222232,3,QA Engineer,Technology,"JavaScript, React, Git, Docker, AWS, Ruby, TypeScript",0.22238342664930505,22.24,0
43,IT,"deep learning, computer vision, python",web,0.22222222222222232,4,Project Manager,Technology,"TypeScript, Git, JavaScript, React, Kubernetes, AWS, Node.js",0.22058020853622134,22.06,0
43,IT,"deep learning, computer vision, python",web,0.22222222222222232,5,Frontend Developer,Technology,"Java, React, Agile, Docker, Python, Machine Learning",0.20815116499303632,20.82,0
44,IT,"deep learning, computer vision, python",data,0.0,1,Senior Data Scientist,Technology,"SQL, Kubernetes, React, Machine Learning, Python, Agile, Java",0.3101357269409936,31.01,0
44,IT,"deep learning, computer vision, python",data,0.0,2,Lead Engineer,Technology,"Agile, Machine Learning, Python, React",0.29819620125689256,29.82,0
44,IT,"deep learning, computer vision, python",data,0.0,3,Project Manager,Technology,"TensorFlow, Git, Machine Learning, Python",0.28169839540171093,28.17,0
44,IT,"deep learning, computer vision, python",data,0.0,4,Frontend Developer,Technology,"Machine Learning, Python, Docker, Git, Node.js",0.25256093308529304,25.26,0
44,IT,"deep learning, computer vision, python",data,0.0,5,Lead Engineer,Technology,"Git, AWS, JavaScript, Machine Learning, Python, CI/CD",0.249287422767803,24.93,0
45,CS,"data analysis, pandas, visualization",mobile,0.4444444444444442,1,Senior Android Engineer,General,,0.3085693195373598,30.86,0
45,CS,"data analysis, pandas, visualization",mobile,0.4444444444444442,2,Full Stack Engineer (m/w/d),Software Development,,0.2283747765713652,22.84,0
45,CS,"data analysis, pandas, visualization",mobile,0.4444444444444442,3,C#/.NET Developer (m/f/d),Software Development,,0.21130472896638003,21.13,0
45,CS,"data analysis, pandas, visualization",mobile,0.4444444444444442,4,Forward Deployed Engineer (m/f/d),Software Development,,0.1820234242932212,18.2,0
45,CS,"data analysis, pandas, visualization",mobile,0.4444444444444442,5,Strategic Procurement Manager (m/w/d),Software Development,,0.1808573881499476,18.09,0
46,CS,"cybersecurity, linux, networking",finance,0.6666666666666665,1,Sachbearbeiter (m/w/d) Abrechnung/Faktura Schadenmanagement als Elternzeitvertretung (befristet),Finance,,0.25819888974716115,25.82,1
46,CS,"cybersecurity, linux, networking",finance,0.6666666666666665,2,(Junior) Softwareentwickler (m/w/d) #LowCode,General,,0.0,0.0,0
46,CS,"cybersecurity, linux, networking",finance,0.6666666666666665,3,(Junior) Testautomatisierer (m/w/d) #LowCode,General,,0.0,0.0,0
46,CS,"cybersecurity, linux, networking",finance,0.6666666666666665,4,Business Analyst,Technology,"Python, CI/CD, Machine Learning, SQL",0.0,0.0,0
46,CS,"cybersecurity, linux, networking",finance,0.6666666666666665,5,Data Analyst,Technology,"Python, TypeScript, TensorFlow, Ruby",0.0,0.0,0
47,IT,"html, css, javascript",mobile,0.4444444444444442,1,Senior Android Engineer,General,,0.32157972203276625,32.16,0
47,IT,"html, css, javascript",mobile,0.4444444444444442,2,Full Stack Engineer (m/w/d),Software Development,,0.23800388606107992,23.8,0
47,IT,"html, css, javascript",mobile,0.4444444444444442,3,C#/.NET Developer (m/f/d),Software Development,,0.2202141032915956,22.02,0
47,IT,"html, css, javascript",mobile,0.4444444444444442,4,Forward Deployed Engineer (m/f/d),Software Development,,0.18969819253394463,18.97,0
47,IT,"html, css, javascript",mobile,0.4444444444444442,5,Strategic Procurement Manager (m/w/d),Software Development,,0.18848299207462388,18.85,0
48,BBA,"html, css, javascript",data,0.4444444444444442,1,Senior Data Scientist,Technology,"SQL, Kubernetes, React, Machine Learning, Python, Agile, Java",0.28969345744767255,28.97,0
48,BBA,"html, css, javascript",data,0.4444444444444442,2,Lead Engineer,Technology,"Agile, Machine Learning, Python, React",0.26413534401151717,26.41,0
48,BBA,"html, css, javascript",data,0.4444444444444442,3,Lead Engineer,Technology,"Git, AWS, JavaScript, Machine Learning, Python, CI/CD",0.25813270598420485,25.81,0
48,BBA,"html, css, javascript",data,0.4444444444444442,4,Project Manager,Technology,"TensorFlow, Git, Machine Learning, Python",0.24952196662231443,24.95,0
48,BBA,"html, css, javascript",data,0.4444444444444442,5,Data Analyst,Technology,"SQL, Go, JavaScript, Machine Learning, REST APIs",0.2384042363898009,23.84,0
49,IT,"python, sql, machine learning",management,0.11111111111111116,1,Strategic HR Business Partner (f/m/d),HR,,0.39747316216962136,39.75,0
49,IT,"python, sql, machine learning",management,0.11111111111111116,2,Business Analyst,Technology,"Docker, TensorFlow, React, Agile, Python, SQL, CI/CD",0.3223760460677716,32.24,0
49,IT,"python, sql, machine learning",management,0.11111111111111116,3,Machine Learning Engineer,Technology,"Ruby, Docker, Agile, Python, TensorFlow",0.22683721194171452,22.68,0
49,IT,"python, sql, machine learning",management,0.11111111111111116,4,Security Engineer,Technology,"Docker, Agile, Ruby, SQL, Machine Learning, TensorFlow",0.21633425514638432,21.63,0
49,IT,"python, sql, machine learning",management,0.11111111111111116,5,Project Manager,Technology,"Agile, SQL, TensorFlow, Machine Learning",0.2151144902407929,21.51,0
50,IT,"android, kotlin, mobile development",cloud,0.8888888888888888,1,Technical Lead,Technology,"React, Kubernetes, Docker",0.2764470385708675,27.64,0
50,IT,"android, kotlin, mobile development",cloud,0.8888888888888888,2,Senior Android Engineer,General,,0.24727100861773818,24.73,0
50,IT,"android, kotlin, mobile development",cloud,0.8888888888888888,3,Full Stack Developer,Technology,"Kubernetes, Docker, Node.js, Git",0.2466920960301603,24.67,0
50,IT,"android, kotlin, mobile development",cloud,0.8888888888888888,4,Project Manager,Technology,"Machine Learning, AWS, Kubernetes, Docker, SQL, Ruby",0.24623419059302698,24.62,0
50,IT,"android, kotlin, mobile development",cloud,0.8888888888888888,5,Backend Developer,Technology,"Kubernetes, Docker, Java, TensorFlow, Python, SQL, Git",0.20023705670985303,20.02,0
51,IT,"cybersecurity, linux, networking",web,0.8888888888888888,1,Technical Lead,Technology,"TypeScript, Python, Machine Learning, JavaScript, React",0.26512223746873925,26.51,0
51,IT,"cybersecurity, linux, networking",web,0.8888888888888888,2,QA Engineer,Technology,"JavaScript, React, Git, Docker, AWS, Ruby, TypeScript",0.2328030208068798,23.28,0
51,IT,"cybersecurity, linux, networking",web,0.8888888888888888,3,Project Manager,Technology,"TypeScript, Git, JavaScript, React, Kubernetes, AWS, Node.js",0.2309153143791811,23.09,0
51,IT,"cybersecurity, linux, networking",web,0.8888888888888888,4,Full Stack Engineer (m/w/d),Software Development,,0.19839788779984535,19.84,0
51,IT,"cybersecurity, linux, networking",web,0.8888888888888888,5,Backend Developer,Technology,"Java, REST APIs, Python, JavaScript",0.19559786137342425,19.56,0
52,CS,"deep learning, computer vision, python",design,0.0,1,UX Designer,Technology,"Java, Docker, Machine Learning",0.33476217237334893,33.48,0
52,CS,"deep learning, computer vision, python",design,0.0,2,UX Designer,Technology,"AWS, JavaScript, Machine Learning, REST APIs, Python, Git, Go",0.3288719634045885,32.89,0
52,CS,"deep learning, computer vision, python",design,0.0,3,UX Designer,Technology,"Kubernetes, AWS, Agile, Python",0.32073626669938116,32.07,0
52,CS,"deep learning, computer vision, python",design,0.0,4,UX Designer,Technology,"Git, Python, AWS, React",0.31932263216955376,31.93,0
52,CS,"deep learning, computer vision, python",design,0.0,5,UX Designer,Technology,"SQL, MongoDB, Ruby, AWS",0.24512177581992803,24.51,0
53,IT,"cybersecurity, linux, networking",security,0.33333333333333304,1,Security Engineer,Technology,"Agile, Go, Docker, CI/CD",0.35764461972984257,35.76,0
53,IT,"cybersecurity, linux, networking",security,0.33333333333333304,2,Security Engineer,Technology,"Python, React, CI/CD",0.3532255797994658,35.32,0
53,IT,"cybersecurity, linux, networking",security,0.33333333333333304,3,Security Engineer,Technology,"Node.js, TensorFlow, TypeScript, SQL",0.31543211722966324,31.54,0
53,IT,"cybersecurity, linux, networking",security,0.33333333333333304,4,Security Engineer,Technology,"REST APIs, React, Ruby, Python, Git",0.29399528092162847,29.4,0
53,IT,"cybersecurity, linux, networking",security,0.33333333333333304,5,Security Engineer,Technology,"TypeScript, CI/CD, Python, Docker, Go, Ruby, React",0.2830912610683263,28.31,0
54,BBA,"cybersecurity, linux, networking",ai,0.4444444444444442,1,Machine Learning Engineer,Technology,"Machine Learning, Go, Git, Docker, REST APIs, CI/CD",0.24035022532019673,24.04,0
54,BBA,"cybersecurity, linux, networking",ai,0.4444444444444442,2,Machine Learning Engineer,Technology,"Machine Learning, React, REST APIs, CI/CD, Go, Docker",0.23640057263495726,23.64,0
54,BBA,"cybersecurity, linux, networking",ai,0.4444444444444442,3,Machine Learning Engineer,Technology,"SQL, AWS, REST APIs, Kubernetes, Machine Learning",0.23599865802226241,23.6,0
54,BBA,"cybersecurity, linux, networking",ai,0.4444444444444442,4,Machine Learning Engineer,Technology,"Agile, REST APIs, AWS, Git, Machine Learning, CI/CD",0.2224142184889171,22.24,0
54,BBA,"cybersecurity, linux, networking",ai,0.4444444444444442,5,Machine Learning Engineer,Technology,"AWS, Go, Git, React",0.19128042613387147,19.13,0
55,IT,"python, sql, machine learning",web,0.8888888888888888,1,Frontend Developer,Technology,"TypeScript, JavaScript, SQL, Machine Learning, Docker",0.3536944672694491,35.37,0
55,IT,"python, sql, machine learning",web,0.8888888888888888,2,Technical Lead,Technology,"TypeScript, Python, Machine Learning, JavaScript, React",0.2925311502248651,29.25,0
55,IT,"python, sql, machine learning",web,0.8888888888888888,3,Backend Developer,Technology,"Kubernetes, Docker, Java, TensorFlow, Python, SQL, Git",0.2724169282467295,27.24,0
55,IT,"python, sql, machine learning",web,0.8888888888888888,4,Junior Developer,Technology,"SQL, Machine Learning, TypeScript, JavaScript, CI/CD, Docker",0.23861604820863877,23.86,0
55,IT,"python, sql, machine learning",web,0.8888888888888888,5,Security Engineer,Technology,"Docker, Agile, Ruby, SQL, Machine Learning, TensorFlow",0.2166572311607766,21.67,0
56,CS,"ui ux design, figma, prototyping",design,0.8888888888888888,1,UX Designer,Technology,"Java, Docker, Machine Learning",0.3333209691473331,33.33,0
56,CS,"ui ux design, figma, prototyping",design,0.8888888888888888,2,UX Designer,Technology,"Kubernetes, AWS, Agile, Python",0.30835636161637786,30.84,0
56,CS,"ui ux design, figma, prototyping",design,0.8888888888888888,3,UX Designer,Technology,"Git, Python, AWS, React",0.3069972911103867,30.7,0
56,CS,"ui ux design, figma, prototyping",design,0.8888888888888888,4,UX Designer,Technology,"SQL, MongoDB, Ruby, AWS",0.30255095932717296,30.26,0
56,CS,"ui ux design, figma, prototyping",design,0.8888888888888888,5,UX Designer,Technology,"Agile, TensorFlow, Ruby, JavaScript, Docker",0.29074585528668284,29.07,0
57,BBA,"data analysis, pandas, visualization",finance,0.33333333333333304,1,Sachbearbeiter (m/w/d) Abrechnung/Faktura Schadenmanagement als Elternzeitvertretung (befristet),Finance,,0.22089519579819963,22.09,1
57,BBA,"data analysis, pandas, visualization",finance,0.33333333333333304,2,Data Scientist,Technology,"REST APIs, AWS, SQL",0.1439669930861619,14.4,0
57,BBA,"data analysis, pandas, visualization",finance,0.33333333333333304,3,Data Scientist,Technology,"REST APIs, CI/CD, Python",0.1420530902877828,14.21,0
57,BBA,"data analysis, pandas, visualization",finance,0.33333333333333304,4,Data Analyst,Technology,"Python, TypeScript, TensorFlow, Ruby",0.13671293442442248,13.67,0
57,BBA,"data analysis, pandas, visualization",finance,0.33333333333333304,5,Data Scientist,Technology,"MongoDB, Node.js, REST APIs",0.13369972334885716,13.37,0
58,BBA,"python, sql, machine learning",design,0.9999999999999996,1,Frontend Developer,Technology,"TypeScript, JavaScript, SQL, Machine Learning, Docker",0.3152635390171993,31.53,0
58,BBA,"python, sql, machine learning",design,0.9999999999999996,2,Security Engineer,Technology,"Docker, Agile, Ruby, SQL, Machine Learning, TensorFlow",0.2934998358356551,29.35,0
58,BBA,"python, sql, machine learning",design,0.9999999999999996,3,Junior Developer,Technology,"SQL, Machine Learning, TypeScript, JavaScript, CI/CD, Docker",0.28446052269505273,28.45,0
58,BBA,"python, sql, machine learning",design,0.9999999999999996,4,UX Designer,Technology,"Java, Docker, Machine Learning",0.24797270187850773,24.8,0
58,BBA,"python, sql, machine learning",design,0.9999999999999996,5,Backend Developer,Technology,"Kubernetes, Docker, Java, TensorFlow, Python, SQL, Git",0.2449394193935157,24.49,0
59,BBA,"excel, communication, business analysis",management,0.5555555555555558,1,Strategic HR Business Partner (f/m/d),HR,,0.49786099736029277,49.79,0
59,BBA,"excel, communication, business analysis",management,0.5555555555555558,2,Business Analyst,Technology,"Agile, Go, CI/CD",0.22094128717811115,22.09,0
59,BBA,"excel, communication, business analysis",management,0.5555555555555558,3,Business Analyst,Technology,"TypeScript, Git, Go",0.18669269275326347,18.67,0
59,BBA,"excel, communication, business analysis",management,0.5555555555555558,4,Business Analyst,Technology,"REST APIs, Kubernetes, MongoDB",0.15648172719546063,15.65,0
59,BBA,"excel, communication, business analysis",management,0.5555555555555558,5,Business Analyst,Technology,"Python, CI/CD, Machine Learning, SQL",0.14877474452304695,14.88,0
60,CS,"excel, communication, business analysis",design,0.4444444444444442,1,Werkstudent Webentwicklung (m/w/d),Marketing and Communication,,0.20372276038139223,20.37,0
60,CS,"excel, communication, business analysis",design,0.4444444444444442,2,Business Analyst,Technology,"TypeScript, Git, Go",0.19931666178550606,19.93,0
60,CS,"excel, communication, business analysis",design,0.4444444444444442,3,Business Analyst,Technology,"Agile, Go, CI/CD",0.19337408415809548,19.34,0
60,CS,"excel, communication, business analysis",design,0.4444444444444442,4,UX Designer,Technology,"Java, Docker, Machine Learning",0.19273277068439199,19.27,0
60,CS,"excel, communication, business analysis",design,0.4444444444444442,5,Marketplace & E-Commerce Manager (m/w/d),Marketing and Communication,,0.18316941849549828,18.32,0
61,IT,"python, sql, machine learning",web,0.8888888888888888,1,Frontend Developer,Technology,"TypeScript, JavaScript, SQL, Machine Learning, Docker",0.3536944672694491,35.37,0
61,IT,"python, sql, machine learning",web,0.8888888888888888,2,Technical Lead,Technology,"TypeScript, Python, Machine Learning, JavaScript, React",0.2925311502248651,29.25,0
61,IT,"python, sql, machine learning",web,0.8888888888888888,3,Backend Developer,Technology,"Kubernetes, Docker, Java, TensorFlow, Python, SQL, Git",0.2724169282467295,27.24,0
61,IT,"python, sql, machine learning",web,0.8888888888888888,4,Junior Developer,Technology,"SQL, Machine Learning, TypeScript, JavaScript, CI/CD, Docker",0.23861604820863877,23.86,0
61,IT,"python, sql, machine learning",web,0.8888888888888888,5,Security Engineer,Technology,"Docker, Agile, Ruby, SQL, Machine Learning, TensorFlow",0.2166572311607766,21.67,0
62,BBA,"ui ux design, figma, prototyping",cloud,0.0,1,Technical Lead,Technology,"React, Kubernetes, Docker",0.33729817935406464,33.73,0
62,BBA,"ui ux design, figma, prototyping",cloud,0.0,2,Full Stack Developer,Technology,"Kubernetes, Docker, Node.js, Git",0.3009936199069844,30.1,0
62,BBA,"ui ux design, figma, prototyping",cloud,0.0,3,Project Manager,Technology,"Machine Learning, AWS, Kubernetes, Docker, SQL, Ruby",0.30043492095669055,30.04,0
62,BBA,"ui ux design, figma, prototyping",cloud,0.0,4,UX Designer,Technology,"Kubernetes, AWS, Agile, Python",0.25240700257844867,25.24,0
62,BBA,"ui ux design, figma, prototyping",cloud,0.0,5,Backend Developer,Technology,"Kubernetes, Docker, Java, TensorFlow, Python, SQL, Git",0.2443129614142572,24.43,0
63,BBA,"cybersecurity, linux, networking",security,0.4444444444444442,1,Security Engineer,Technology,"Agile, Go, Docker, CI/CD",0.35764461972984257,35.76,0
63,BBA,"cybersecurity, linux, networking",security,0.4444444444444442,2,Security Engineer,Technology,"Python, React, CI/CD",0.3532255797994658,35.32,0
63,BBA,"cybersecurity, linux, networking",security,0.4444444444444442,3,Security Engineer,Technology,"Node.js, TensorFlow, TypeScript, SQL",0.31543211722966324,31.54,0
63,BBA,"cybersecurity, linux, networking",security,0.4444444444444442,4,Security Engineer,Technology,"REST APIs, React, Ruby, Python, Git",0.29399528092162847,29.4,0
63,BBA,"cybersecurity, linux, networking",security,0.4444444444444442,5,Security Engineer,Technology,"TypeScript, CI/CD, Python, Docker, Go, Ruby, React",0.2830912610683263,28.31,0
64,BBA,"ui ux design, figma, prototyping",management,0.7777777777777781,1,Strategic HR Business Partner (f/m/d),HR,,0.4972250914867144,49.72,0
64,BBA,"ui ux design, figma, prototyping",management,0.7777777777777781,2,Business Analyst,Technology,"Agile, Go, CI/CD",0.16197393882166172,16.2,0
64,BBA,"ui ux design, figma, prototyping",management,0.7777777777777781,3,Fleet Operations Driver,General,,0.15315630271807623,15.32,0
64,BBA,"ui ux design, figma, prototyping",management,0.7777777777777781,4,Fleet Operations Driver,General,,0.15315630271807623,15.32,0
64,BBA,"ui ux design, figma, prototyping",management,0.7777777777777781,5,Fleet Operations Driver,General,,0.15315630271807623,15.32,0
65,BBA,"java, oop, data structures",data,0.4444444444444442,1,Senior Data Scientist,Technology,"SQL, Kubernetes, React, Machine Learning, Python, Agile, Java",0.3391937480343518,33.92,0
65,BBA,"java, oop, data structures",data,0.4444444444444442,2,Lead Engineer,Technology,"Agile, Machine Learning, Python, React",0.24217776581167016,24.22,0
65,BBA,"java, oop, data structures",data,0.4444444444444442,3,Backend Developer,Technology,"Kubernetes, Docker, Java, TensorFlow, Python, SQL, Git",0.23374646570272778,23.37,0
65,BBA,"java, oop, data structures",data,0.4444444444444442,4,Data Analyst,Technology,"SQL, Go, JavaScript, Machine Learning, REST APIs",0.23148351639418469,23.15,0
65,BBA,"java, oop, data structures",data,0.4444444444444442,5,Project Manager,Technology,"TensorFlow, Git, Machine Learning, Python",0.22877919887499554,22.88,0
66,BBA,"java, oop, data structures",management,0.4444444444444442,1,Strategic HR Business Partner (f/m/d),HR,,0.46283239591853154,46.28,0
66,BBA,"java, oop, data structures",management,0.4444444444444442,2,Software Engineer,Technology,"Agile, Java, Git, Docker",0.2210369826754186,22.1,0
66,BBA,"java, oop, data structures",management,0.4444444444444442,3,Technical Lead,Technology,"Node.js, Agile, Java",0.21415591759901054,21.42,0
66,BBA,"java, oop, data structures",management,0.4444444444444442,4,Senior Data Scientist,Technology,"SQL, Kubernetes, React, Machine Learning, Python, Agile, Java",0.20960863209423555,20.96,0
66,BBA,"java, oop, data structures",management,0.4444444444444442,5,Frontend Developer,Technology,"Go, MongoDB, CI/CD, Machine Learning, Agile, Java",0.17720770787088594,17.72,0
67,IT,"python, sql, machine learning",data,0.4444444444444442,1,Senior Data Scientist,Technology,"SQL, Kubernetes, React, Machine Learning, Python, Agile, Java",0.270697653081846,27.07,0
67,IT,"python, sql, machine learning",data,0.4444444444444442,2,Backend Developer,Technology,"Kubernetes, Docker, Java, TensorFlow, Python, SQL, Git",0.2628813705251729,26.29,0
67,IT,"python, sql, machine learning",data,0.4444444444444442,3,Frontend Developer,Technology,"TypeScript, JavaScript, SQL, Machine Learning, Docker",0.2596895642990746,25.97,0
67,IT,"python, sql, machine learning",data,0.4444444444444442,4,Business Analyst,Technology,"Docker, TensorFlow, React, Agile, Python, SQL, CI/CD",0.25485345773808943,25.49,0
67,IT,"python, sql, machine learning",data,0.4444444444444442,5,Lead Engineer,Technology,"Agile, Machine Learning, Python, React",0.25356745857538354,25.36,0
68,BBA,"cloud computing, aws, devops",management,0.7777777777777781,1,Strategic HR Business Partner (f/m/d),HR,,0.4873396033879244,48.73,0
68,BBA,"cloud computing, aws, devops",management,0.7777777777777781,2,Business Analyst,Technology,"Agile, Go, CI/CD",0.1587536841081515,15.88,0
68,BBA,"cloud computing, aws, devops",management,0.7777777777777781,3,Fleet Operations Driver,General,,0.15011135419537147,15.01,0
68,BBA,"cloud computing, aws, devops",management,0.7777777777777781,4,Fleet Operations Driver,General,,0.15011135419537147,15.01,0
68,BBA,"cloud computing, aws, devops",management,0.7777777777777781,5,Fleet Operations Driver,General,,0.15011135419537147,15.01,0
69,CS,"python, sql, machine learning",software,0.8888888888888888,1,Engineering Manager,Technology,"Java, Agile, Git, SQL, Ruby, Go",0.3991492241468513,39.91,0
69,CS,"python, sql, machine learning",software,0.8888888888888888,2,Full Stack Engineer (m/w/d),Software Development,,0.29352350083995316,29.35,1
69,CS,"python, sql, machine learning",software,0.8888888888888888,3,C#/.NET Developer (m/f/d),Software Development,,0.2715838619369932,27.16,1
69,CS,"python, sql, machine learning",software,0.8888888888888888,4,Senior Software Engineer,Technology,"Machine Learning, Docker, Java, Agile, React, SQL",0.2620661180149128,26.21,0
69,CS,"python, sql, machine learning",software,0.8888888888888888,5,Forward Deployed Engineer (m/f/d),Software Development,,0.2339494472005607,23.39,1
70,BBA,"ui ux design, figma, prototyping",mobile,0.11111111111111116,1,Senior Android Engineer,General,,0.2967412706302965,29.67,0
70,BBA,"ui ux design, figma, prototyping",mobile,0.11111111111111116,2,Full Stack Engineer (m/w/d),Software Development,,0.21962073702370138,21.96,0
70,BBA,"ui ux design, figma, prototyping",mobile,0.11111111111111116,3,C#/.NET Developer (m/f/d),Software Development,,0.20320501681011202,20.32,0
70,BBA,"ui ux design, figma, prototyping",mobile,0.11111111111111116,4,UX Designer,Technology,"Git, Python, AWS, React",0.19615434140276494,19.62,0
70,BBA,"ui ux design, figma, prototyping",mobile,0.11111111111111116,5,Forward Deployed Engineer (m/f/d),Software Development,,0.17504612023720117,17.5,0
71,BBA,"deep learning, computer vision, python",data,0.7777777777777781,1,Senior Data Scientist,Technology,"SQL, Kubernetes, React, Machine Learning, Python, Agile, Java",0.3101357269409936,31.01,0
71,BBA,"deep learning, computer vision, python",data,0.7777777777777781,2,Lead Engineer,Technology,"Agile, Machine Learning, Python, React",0.29819620125689256,29.82,0
71,BBA,"deep learning, computer vision, python",data,0.7777777777777781,3,Project Manager,Technology,"TensorFlow, Git, Machine Learning, Python",0.28169839540171093,28.17,0
71,BBA,"deep learning, computer vision, python",data,0.7777777777777781,4,Frontend Developer,Technology,"Machine Learning, Python, Docker, Git, Node.js",0.25256093308529304,25.26,0
71,BBA,"deep learning, computer vision, python",data,0.7777777777777781,5,Lead Engineer,Technology,"Git, AWS, JavaScript, Machine Learning, Python, CI/CD",0.249287422767803,24.93,0
72,IT,"cybersecurity, linux, networking",mobile,0.5555555555555558,1,Senior Android Engineer,General,,0.3369669278732985,33.7,0
72,IT,"cybersecurity, linux, networking",mobile,0.5555555555555558,2,Full Stack Engineer (m/w/d),Software Development,,0.24939208791198908,24.94,0
72,IT,"cybersecurity, linux, networking",mobile,0.5555555555555558,3,C#/.NET Developer (m/f/d),Software Development,,0.23075108527204133,23.08,0
72,IT,"cybersecurity, linux, networking",mobile,0.5555555555555558,4,Forward Deployed Engineer (m/f/d),Software Development,,0.1987750246104376,19.88,0
72,IT,"cybersecurity, linux, networking",mobile,0.5555555555555558,5,Strategic Procurement Manager (m/w/d),Software Development,,0.19750167825968168,19.75,0
73,BBA,"html, css, javascript",finance,0.4444444444444442,1,Sachbearbeiter (m/w/d) Abrechnung/Faktura Schadenmanagement als Elternzeitvertretung (befristet),Finance,,0.2370482407702839,23.7,1
73,BBA,"html, css, javascript",finance,0.4444444444444442,2,Lead Engineer,Technology,"JavaScript, Java, MongoDB",0.0840194239271795,8.4,0
73,BBA,"html, css, javascript",finance,0.4444444444444442,3,Project Manager,Technology,"Machine Learning, JavaScript, Kubernetes",0.08375899190677703,8.38,0
73,BBA,"html, css, javascript",finance,0.4444444444444442,4,Lead Engineer,Technology,"TypeScript, Kubernetes, AWS, JavaScript, Go",0.08076163566433017,8.08,0
73,BBA,"html, css, javascript",finance,0.4444444444444442,5,Product Manager,Technology,"JavaScript, Go, CI/CD, Machine Learning",0.0800544074314705,8.01,0
74,CS,"deep learning, computer vision, python",data,0.4444444444444442,1,Senior Data Scientist,Technology,"SQL, Kubernetes, React, Machine Learning, Python, Agile, Java",0.3101357269409936,31.01,0
74,CS,"deep learning, computer vision, python",data,0.4444444444444442,2,Lead Engineer,Technology,"Agile, Machine Learning, Python, React",0.29819620125689256,29.82,0
74,CS,"deep learning, computer vision, python",data,0.4444444444444442,3,Project Manager,Technology,"TensorFlow, Git, Machine Learning, Python",0.28169839540171093,28.17,0
74,CS,"deep learning, computer vision, python",data,0.4444444444444442,4,Frontend Developer,Technology,"Machine Learning, Python, Docker, Git, Node.js",0.25256093308529304,25.26,0
74,CS,"deep learning, computer vision, python",data,0.4444444444444442,5,Lead Engineer,Technology,"Git, AWS, JavaScript, Machine Learning, Python, CI/CD",0.249287422767803,24.93,0
75,BBA,"python, sql, machine learning",cloud,0.22222222222222232,1,Backend Developer,Technology,"Kubernetes, Docker, Java, TensorFlow, Python, SQL, Git",0.3880387673853593,38.8,0
75,BBA,"python, sql, machine learning",cloud,0.22222222222222232,2,Project Manager,Technology,"Machine Learning, AWS, Kubernetes, Docker, SQL, Ruby",0.33027662825337517,33.03,0
75,BBA,"python, sql, machine learning",cloud,0.22222222222222232,3,Frontend Developer,Technology,"TypeScript, JavaScript, SQL, Machine Learning, Docker",0.2973419944781891,29.73,0
75,BBA,"python, sql, machine learning",cloud,0.22222222222222232,4,Security Engineer,Technology,"Docker, Agile, Ruby, SQL, Machine Learning, TensorFlow",0.27681547583475463,27.68,0
75,BBA,"python, sql, machine learning",cloud,0.22222222222222232,5,Junior Developer,Technology,"SQL, Machine Learning, TypeScript, JavaScript, CI/CD, Docker",0.2682900135934868,26.83,0
76,BBA,"deep learning, computer vision, python",design,0.6666666666666665,1,UX Designer,Technology,"Java, Docker, Machine Learning",0.33476217237334893,33.48,0
76,BBA,"deep learning, computer vision, python",design,0.6666666666666665,2,UX Designer,Technology,"AWS, JavaScript, Machine Learning, REST APIs, Python, Git, Go",0.3288719634045885,32.89,0
76,BBA,"deep learning, computer vision, python",design,0.6666666666666665,3,UX Designer,Technology,"Kubernetes, AWS, Agile, Python",0.32073626669938116,32.07,0
76,BBA,"deep learning, computer vision, python",design,0.6666666666666665,4,UX Designer,Technology,"Git, Python, AWS, React",0.31932263216955376,31.93,0
76,BBA,"deep learning, computer vision, python",design,0.6666666666666665,5,UX Designer,Technology,"SQL, MongoDB, Ruby, AWS",0.24512177581992803,24.51,0
77,CS,"cybersecurity, linux, networking",cloud,0.7777777777777781,1,Technical Lead,Technology,"React, Kubernetes, Docker",0.3849038021299209,38.49,0
77,CS,"cybersecurity, linux, networking",cloud,0.7777777777777781,2,Full Stack Developer,Technology,"Kubernetes, Docker, Node.js, Git",0.34347528629092927,34.35,0
77,CS,"cybersecurity, linux, networking",cloud,0.7777777777777781,3,Project Manager,Technology,"Machine Learning, AWS, Kubernetes, Docker, SQL, Ruby",0.34283773363462405,34.28,0
77,CS,"cybersecurity, linux, networking",cloud,0.7777777777777781,4,Backend Developer,Technology,"Kubernetes, Docker, Java, TensorFlow, Python, SQL, Git",0.27879482758564456,27.88,0
77,CS,"cybersecurity, linux, networking",cloud,0.7777777777777781,5,DevOps Engineer,Technology,"Agile, Docker, React, Go, SQL, Kubernetes, CI/CD",0.25049563243883477,25.05,0
78,BBA,"html, css, javascript",software,0.8888888888888888,1,Engineering Manager,Technology,"Java, Agile, Git, SQL, Ruby, Go",0.4414944934142593,44.15,0
78,BBA,"html, css, javascript",software,0.8888888888888888,2,Full Stack Engineer (m/w/d),Software Development,,0.3494926508663912,34.95,1
78,BBA,"html, css, javascript",software,0.8888888888888888,3,C#/.NET Developer (m/f/d),Software Development,,0.3233695549735421,32.34,1
78,BBA,"html, css, javascript",software,0.8888888888888888,4,Forward Deployed Engineer (m/f/d),Software Development,,0.2785589986385223,27.86,1
78,BBA,"html, css, javascript",software,0.8888888888888888,5,Strategic Procurement Manager (m/w/d),Software Development,,0.2767745587418011,27.68,1
79,IT,"python, sql, machine learning",management,0.11111111111111116,1,Strategic HR Business Partner (f/m/d),HR,,0.39747316216962136,39.75,0
79,IT,"python, sql, machine learning",management,0.11111111111111116,2,Business Analyst,Technology,"Docker, TensorFlow, React, Agile, Python, SQL, CI/CD",0.3223760460677716,32.24,0
79,IT,"python, sql, machine learning",management,0.11111111111111116,3,Machine Learning Engineer,Technology,"Ruby, Docker, Agile, Python, TensorFlow",0.22683721194171452,22.68,0
79,IT,"python, sql, machine learning",management,0.11111111111111116,4,Security Engineer,Technology,"Docker, Agile, Ruby, SQL, Machine Learning, TensorFlow",0.21633425514638432,21.63,0
79,IT,"python, sql, machine learning",management,0.11111111111111116,5,Project Manager,Technology,"Agile, SQL, TensorFlow, Machine Learning",0.2151144902407929,21.51,0
80,IT,"excel, communication, business analysis",cloud,0.6666666666666665,1,Technical Lead,Technology,"React, Kubernetes, Docker",0.30413470223169037,30.41,0
80,IT,"excel, communication, business analysis",cloud,0.6666666666666665,2,Full Stack Developer,Technology,"Kubernetes, Docker, Node.js, Git",0.27139964152595164,27.14,0
80,IT,"excel, communication, business analysis",cloud,0.6666666666666665,3,Project Manager,Technology,"Machine Learning, AWS, Kubernetes, Docker, SQL, Ruby",0.2708958743867095,27.09,0
80,IT,"excel, communication, business analysis",cloud,0.6666666666666665,4,Business Analyst,Technology,"SQL, Docker, AWS, Kubernetes, Python",0.2422776609422421,24.23,0
80,IT,"excel, communication, business analysis",cloud,0.6666666666666665,5,Backend Developer,Technology,"Kubernetes, Docker, Java, TensorFlow, Python, SQL, Git",0.22029187917160384,22.03,0
